﻿pos_x,pos_y,rotation,side,designator,mpn,pack,footprint,value,mount_type
126.0,-109.0,45.0,top,C1,,,C1206_medium,4.7uF,smt
145.25,-99.25,0.0,top,C10,,,C0805_medium,1uF,smt
133.75,-106.0,-90.0,bottom,C11,,,C1206_medium,4.7uF,smt
135.75,-107.75,-90.0,bottom,C12,,,C0603_medium,0.1uF,smt
124.5,-106.0,-90.0,bottom,C13,,,C0805_medium,1uF,smt
132.0,-128.0,-90.0,top,C14,,,C0603_medium,0.1uF,smt
139.5,-108.5,0.0,bottom,C15,,,C0805_medium,1uF,smt
136.2,-118.75,-135.0,top,C2,,,C1206_medium,4.7uF,smt
125.25,-115.5,90.0,top,C3,,,C0402_medium,10nF,smt
113.75,-105.0,180.0,top,C4,,,C0603_medium,0.1uF,smt
121.5,-111.931802,-135.0,top,C5,,,C0402_medium,10pF,smt
121.25,-114.568198,135.0,top,C6,,,C0402_medium,10pF,smt
135.25,-102.25,-90.0,top,C8,,,C0805_medium,1uF,smt
137.5,-105.25,0.0,top,C9,,,C0805_medium,1uF,smt
127.75,-124.5,-90.0,bottom,D1,,,SOD-123-2,D,smt
141.0,-91.0,0.0,top,D2,,,Kingbright-APDA3020,LED,smt
135.0,-91.0,0.0,top,D3,,,Kingbright-APDA3020,LED,smt
129.0,-91.0,0.0,top,D4,,,Kingbright-APDA3020,LED,smt
123.0,-91.0,0.0,top,D5,,,Kingbright-APBDA3020,APBDA3020SURKCGKC-GX,smt
145.57,-109.25,-90.0,bottom,J2,,None,GCT_USB4110GFA,USB4110GFA,smt
120.0,-111.1,-90.0,bottom,J3,,None,JST_S2B-PH-SM4-TB,S2B-PH-SM4-TB,smt
124.0,-127.85,180.0,top,J4,,None,MOLEX_0533980671,0533980671,smt
74.0,-110.0,90.0,bottom,J5,,None,MOLEX_0533980671,0533980671,smt
130.25,-128.0,180.0,bottom,Q1,,,SOT-23-3,3904,smt
121.25,-98.5,0.0,top,Q2,,,SOT-23-3,DMN3731U-7,smt
114.75,-96.0,0.0,top,Q3,,,SOT-23-3,DMN3731U-7,smt
127.75,-95.75,90.0,top,Q4,,,SOT-23-3,DMP2004K-7,smt
137.75,-95.0,90.0,top,Q5,,,SOT-23-3,DMP2004K-7,smt
143.5,-105.25,90.0,top,Q6,,,SOT-23-3,DMP2004K-7,smt
130.25,-105.5,-90.0,top,R1,,,R0603_medium,10k,smt
130.25,-96.5,90.0,top,R10,,,R0603_medium,10k,smt
138.0,-121.25,0.0,top,R11,,,R0603_medium,4.7k,smt
139.0,-119.75,0.0,top,R12,,,R0603_medium,4.7k,smt
137.75,-104.75,-90.0,bottom,R13,,,R0603_medium,10k,smt
141.5,-105.75,-90.0,bottom,R14,,,R0603_medium,1k,smt
118.5,-91.0,180.0,top,R15,,,R0603_medium,47,smt
121.0,-96.0,0.0,top,R16,,,R0603_medium,47,smt
120.75,-100.75,0.0,top,R17,,,R0603_medium,1k,smt
114.25,-98.25,180.0,top,R18,,,R0603_medium,1k,smt
138.75,-98.0,180.0,top,R19,,,R0603_medium,10k,smt
130.5,-123.75,90.0,bottom,R2,,,R0603_medium,180,smt
132.0,-96.5,-90.0,top,R20,,,R0603_medium,1k,smt
141.5,-108.75,90.0,top,R21,,,R0603_medium,10k,smt
142.25,-99.0,90.0,top,R22,,,R0603_medium,1k,smt
144.5,-109.0,90.0,top,R23,,,R0603_medium,1k,smt
150.35,-102.25,0.0,top,R3,,,R0603_medium,1k,smt
147.35,-102.25,180.0,top,R4,,,R0603_medium,10k,smt
129.5,-109.5,180.0,bottom,R5,,,R0603_medium,1.5k,smt
127.0,-108.0,180.0,bottom,R6,,,R0603_medium,4.12k,smt
141.512501,-94.85,90.0,top,R7,,,R0603_medium,127,smt
132.75,-94.0,0.0,top,R8,,,R0603_medium,127,smt
125.25,-94.75,90.0,top,R9,,,R0603_medium,51,smt
113.75,-108.75,90.0,top,SW1,,,PTS815SJM250SMTRLFS,~,tht
130.25,-100.5,180.0,top,SW2,,,CJS-1200TA,BOOT,tht
150.35,-98.25,90.0,top,SW3,,,TL1016AAF160QG,~,smt
123.0,-96.5,0.0,bottom,SW4,,,SW_500ASSP1SM6QE,~,smt
141.0,-96.5,0.0,bottom,SW5,,,SW_500ASSP1SM6QE,~,smt
132.75,-114.55,0.0,bottom,TH1,,,R0603_medium,10K,smt
131.0,-114.0,0.0,top,U1,,,LQFP-48_7x7mm_P0.5mm,STM32F031C4T6,smt
90.0,-110.0,0.0,top,U2,,,SAM-M10Q,SAM-M10Q,smt
137.4,-102.2,90.0,top,U3,,,6-WDFN,TPS745,tht
129.35,-105.5,180.0,bottom,U4,,,10-MSOP-TE,LTC1733,tht
121.5,-124.5,180.0,bottom,U5,,,ST-025BH_SOB,ST-025BH,smt
137.0,-126.0,90.0,top,U6,,,SO-8_STM,M24C02-WMN6TP,smt
122.75,-113.25,-135.0,top,Y1,,,CS06465-32M,CS06465-32M,smt
111.0,-120.0,90.0,top,mouse-bite-2mm-slot,,,mouse-bite-2mm-slot,VAL**,tht
111.0,-100.0,90.0,top,mouse-bite-2mm-slot,,,mouse-bite-2mm-slot,VAL**,tht
