﻿Designator,Quantity,Value,Footprint,Package,MPN,DNP,Mount_Type,Description,Distributor Link,Manufacturer,Manufacturer PN,Sim.Device,Sim.Pins,DigiKey_Part_Number,MF,Description_1,Price,SnapEDA_Link,MP,Availability,Check_prices,MANUFACTURER,MAXIMUM_PACKAGE_HEIGHT,STANDARD,PARTREV
"C1, C11, C2",3,4.7uF,C1206_medium,,,,smt,C1206C475K8RACTU,https://www.digikey.com/en/products/detail/kemet/C1206C475K8RACTU/1090855?s=N4IgTCBcDaIMIEYwAYBscAsB2ArAaQA4AlAQTgBUBVEAXQF8g,KEMET,C1206C475K8RACTU,,,,,,,,,,,,,,
"C10, C13, C15, C8, C9",5,1uF,C0805_medium,,,,smt,C0805C105K8RACTU,https://www.digikey.com/en/products/detail/kemet/c0805c105k8ractu/411171,KEMET,C0805C105K8RACTU,,,,,,,,,,,,,,
"C12, C14, C4",3,0.1uF,C0603_medium,,,,smt,C0603C104K8RACTU,https://www.digikey.com/en/products/detail/kemet/c0603c104k8ractu/411094,KEMET,C0603C104K8RACTU,,,,,,,,,,,,,,
C3,1,10nF,C0402_medium,,,,smt,C0402C103K8RACTU,https://www.digikey.com/en/products/detail/kemet/c0402c103k8ractu/2196222,KEMET,C0402C103K8RACTU,,,,,,,,,,,,,,
"C5, C6",2,10pF,C0402_medium,,,,smt,C0402C100C8GACTU,https://www.digikey.com/en/products/detail/kemet/c0402c100c8gactu/2196146,KEMET,C0402C100C8GACTU,,,,,,,,,,,,,,
D1,1,D,SOD-123-2,,,,smt,MMSD4148T1G,https://www.digikey.com/en/products/detail/onsemi/mmsd4148t1g/919705,onsemi,MMSD4148T1G,D,1=K 2=A,,,,,,,,,,,,
"D2, D3, D4",3,LED,Kingbright-APDA3020,,,,smt,"[D2]APDA3020LZGCK; [D3,D4]APDA3020LSECK-J3-PF","[D2]https://www.digikey.com/en/products/detail/kingbright/apda3020lzgck/5177430; [D3,D4]https://www.digikey.com/en/products/detail/kingbright/apda3020lseck-j3-pf/5177426",Kingbright,"[D2]APDA3020LZGCK; [D3,D4]APDA3020LSECK-J3-PF",,,,,,,,,,,,,,
D5,1,APBDA3020SURKCGKC-GX,Kingbright-APBDA3020,,,,smt,APBDA3020SURKCGKC-GX,https://www.digikey.com/en/products/detail/kingbright/apbda3020surkcgkc-gx/2757946,Kingbright,APBDA3020SURKCGKC-GX,,,,,,,,,,,,,,
J2,1,USB4110GFA,GCT_USB4110GFA,None,,,smt,USB4110-GF-A,https://www.digikey.com/en/products/detail/gct/usb4110-gf-a/10384547,GCT,USB4110-GF-A,,,2073-USB4110-GF-A-2-ND,Global Connector Technology,"
                        
                            USB-C (USB TYPE-C) USB 2.0 Receptacle Connector 24 (16+8 Dummy) Position Surface Mount, Right Angle
                        
",None,https://www.snapeda.com/parts/USB4110GFA/Global+Connector+Technology/view-part/?ref=snap,USB4110GFA,In Stock,https://www.snapeda.com/parts/USB4110GFA/Global+Connector+Technology/view-part/?ref=eda,,,,
J3,1,S2B-PH-SM4-TB,JST_S2B-PH-SM4-TB,None,,,smt,S2B-PH-SM4-TB,https://www.digikey.com/en/products/detail/jst-sales-america-inc/s2b-ph-sm4-tb/926655,JST Sales America Inc.,S2B-PH-SM4-TB,,,455-S2B-PH-SM4-TBTR-ND,JST Sales,"
                        
                            Connector Header Surface Mount, Right Angle 2 position 0.079 (2.00mm)
                        
",,https://www.snapeda.com/parts/S2B-PH-SM4-TB/JST/view-part/?ref=snap,S2B-PH-SM4-TB,,https://www.snapeda.com/parts/S2B-PH-SM4-TB/JST/view-part/?ref=eda,JST,,,
"J4, J5",2,0533980671,MOLEX_0533980671,None,,,smt,0533980671,https://www.digikey.com/en/products/detail/molex/0533980671/699070,Molex,0533980671,,,WM7610TR-ND,Molex,"
                        
                            Picoblade Connector, 6 Circuit Single Row, Right Angle Surface Mount SMT PCB
                        
",,https://www.snapeda.com/parts/0533980671/Molex/view-part/?ref=snap,0533980671,,https://www.snapeda.com/parts/0533980671/Molex/view-part/?ref=eda,Molex,4.7mm,Manufacturer Recommendations,A
Q1,1,3904,SOT-23-3,,,,smt,MMBT3904LT1G,https://www.digikey.com/en/products/detail/onsemi/mmbt3904lt1g/919601,onsemi,MMBT3904LT1G,,,,,,,,,,,,,,
"Q2, Q3",2,DMN3731U-7,SOT-23-3,,,,smt,DMN3731U-7,https://www.digikey.com/en/products/detail/diodes-incorporated/dmn3731u-7/10295271,Diodes Incorporated,DMN3731U-7,,,,,,,,,,,,,,
"Q4, Q5, Q6",3,DMP2004K-7,SOT-23-3,,,,smt,DMP2004K-7,https://www.digikey.com/en/products/detail/diodes-incorporated/dmp2004k-7/1774201,Diodes Incorporated,DMP2004K-7,,,,,,,,,,,,,,
"R1, R10, R13, R19, R21, R4",6,10k,R0603_medium,,,,smt,RC0603FR-0710KL,https://www.digikey.com/en/products/detail/yageo/rc0603fr-0710kl/726880,YAGEO,RC0603FR-0710KL,,,,,,,,,,,,,,
"R11, R12",2,4.7k,R0603_medium,,,,smt,RC0603FR-074K7L,https://www.digikey.com/en/products/detail/yageo/rc0603fr-074k7l/727212,YAGEO,RC0603FR-074K7L,,,,,,,,,,,,,,
"R14, R17, R18, R20, R22, R23, R3",7,1k,R0603_medium,,,,smt,RC0603FR-071KL,https://www.digikey.com/en/products/detail/yageo/rc0603fr-071kl/726843,YAGEO,RC0603FR-071KL,,,,,,,,,,,,,,
"R15, R16",2,47,R0603_medium,,,,smt,RC0603FR-0747RL,https://www.digikey.com/en/products/detail/yageo/rc0603fr-0747rl/727252,YAGEO,RC0603FR-0747RL,,,,,,,,,,,,,,
R2,1,180,R0603_medium,,,,smt,RC0603FR-07180RL,https://www.digikey.com/en/products/detail/yageo/rc0603fr-07180rl/726994,YAGEO,RC0603FR-07180RL,,,,,,,,,,,,,,
R5,1,1.5k,R0603_medium,,,,smt,RC0603FR-071K5L,https://www.digikey.com/en/products/detail/yageo/rc0603fr-071k5l/726864,YAGEO,RC0603FR-071K5L,,,,,,,,,,,,,,
R6,1,4.12k,R0603_medium,,,,smt,RC0603FR-074K12L,https://www.digikey.com/en/products/detail/yageo/rc0603fr-074k12l/727204,YAGEO,RC0603FR-074K12L,,,,,,,,,,,,,,
"R7, R8",2,127,R0603_medium,,,,smt,RC0603FR-07127RL,https://www.digikey.com/en/products/detail/yageo/rc0603fr-07127rl/726926,YAGEO,RC0603FR-07127RL,,,,,,,,,,,,,,
R9,1,51,R0603_medium,,,,smt,RC0603FR-0751RL,https://www.digikey.com/en/products/detail/yageo/rc0603fr-0751rl/727281,YAGEO,RC0603FR-0751RL,,,,,,,,,,,,,,
SW1,1,~,PTS815SJM250SMTRLFS,,,,tht,PTS815SJM250SMTRLFS,https://www.digikey.com/en/products/detail/c-k/pts815sjm250smtrlfs/9947846,C&K,PTS815SJM250SMTRLFS,,,,,,,,,,,,,,
SW2,1,BOOT,CJS-1200TA,,,,tht,CJS-1200TA,https://www.digikey.com/en/products/detail/nidec-components-corporation/cjs-1200ta/948332,Nidec Components Corporation,CJS-1200TA,,,,,,,,,,,,,,
SW3,1,~,TL1016AAF160QG,,,,smt,TL1016AAF160QG,https://www.digikey.com/en/products/detail/e-switch/tl1016aaf160qg/16530047,E-Switch,TL1016AAF160QG,,,,,,,,,,,,,,
"SW4, SW5",2,~,SW_500ASSP1SM6QE,,,,smt,500ASSP1SM6QE,https://www.digikey.com/en/products/detail/e-switch/500assp1sm6qe/4027902,E-Switch,500ASSP1SM6QE,,,,,,,,,,,,,,
TH1,1,10K,R0603_medium,,,,smt,NCU18XH103F6SRB,https://www.digikey.com/en/products/detail/murata-electronics/ncu18xh103f6srb/7243451,Murata Electronics,NCU18XH103F6SRB,,,,,,,,,,,,,,
U1,1,STM32F031C4T6,LQFP-48_7x7mm_P0.5mm,,,,smt,"STMicroelectronics Arm Cortex-M0 MCU, 16KB flash, 4KB RAM, 48 MHz, 2.0-3.6V, 39 GPIO, LQFP48",https://www.digikey.com/en/products/detail/stmicroelectronics/stm32f031c4t6/3947369,STMicroelectronics,STM32F031C4T6,,,,,,,,,,,,,,
U2,1,SAM-M10Q,SAM-M10Q,,,,smt,SAM-M10Q,https://www.digikey.com/en/products/detail/u-blox/sam-m10q-00b/16672678,u-blox,SAM-M10Q-00B,,,,,,,,,,,,,,
U3,1,TPS745,6-WDFN,,,,tht,TPS74533PQWDRVRQ1,https://www.digikey.com/en/products/detail/texas-instruments/tps74533pqwdrvrq1/11308854,Texas Instruments,TPS74533PQWDRVRQ1,,,,,,,,,,,,,,
U4,1,LTC1733,10-MSOP-TE,,,,tht,LTC1733EMSE#TRPBF,https://www.digikey.com/en/products/detail/analog-devices-inc/ltc1733emse-trpbf/961156,Analog Devices Inc.,LTC1733EMSE#TRPBF,,,,,,,,,,,,,,
U5,1,ST-025BH,ST-025BH_SOB,,,,smt,ST-025BH,https://www.digikey.com/en/products/detail/soberton-inc/st-025bh/3065215,Soberton Inc.,ST-025BH,,,,,,,,,,,,,,
U6,1,M24C02-WMN6TP,SO-8_STM,,,,smt,M24C02-WMN6TP,https://www.digikey.com/en/products/detail/stmicroelectronics/m24c02-wmn6tp/1663568,STMicroelectronics,M24C02-WMN6TP,,,,,,,,,,,,,,
Y1,1,CS06465-32M,CS06465-32M,,,,smt,CS06465-32M,https://www.digikey.com/en/products/detail/ndk-nihon-dempa-kogyo-co-ltd/cs06465-32m/7645290,"NDK (NIHON DEMPA KOGYO CO., LTD)",CS06465-32M,,,,,,,,,,,,,,
"mouse-bite-2mm-slot, mouse-bite-2mm-slot",2,VAL**,mouse-bite-2mm-slot,,,,tht,,,,,,,,,,,,,,,,,,
